"ID","Name","LongName","Parent","Component","Path","Line","Column","EndLine","EndColumn","CD","CLOC","DLOC","LLOC","LOC","McCC","NII","NL","NLE","NOI","NOS","NUMPAR","TCD","TCLOC","TLLOC","TLOC","TNOS","WarningBlocker","WarningCritical","WarningInfo","WarningMajor","WarningMinor","Anti Pattern","Complexity Metric Rules","Coupling Metric Rules","Documentation Metric Rules","Size Metric Rules"
"L183","__init__","download-model.ModelDownloader.__init__~Fn","L181","L103","/content/text-generation-webui/download-model.py","30","5","32","41","0","0","0","3","3","1","0","0","0","1","2","2","0","0","3","3","2","0","0","0","0","0","0","0","0","0","0"
"L188","get_session","download-model.ModelDownloader.get_session~Fn","L181","L103","/content/text-generation-webui/download-model.py","34","5","52","22","0","0","0","15","19","6","0","0","0","0","13","1","0","0","15","19","13","0","0","0","0","0","0","0","0","0","0"
"L191","sanitize_model_and_branch_names","download-model.ModelDownloader.sanitize_model_and_branch_names~Fn","L181","L103","/content/text-generation-webui/download-model.py","54","5","73","28","0","0","0","16","20","7","0","0","0","0","13","3","0","0","16","20","13","0","0","0","0","0","0","0","0","0","0"
"L195","get_download_links_from_huggingface","download-model.ModelDownloader.get_download_links_from_huggingface~Fn","L181","L103","/content/text-generation-webui/download-model.py","75","5","169","50","0","6","0","77","95","35","0","0","0","0","75","5","0","6","77","95","75","0","0","2","0","0","1","1","0","0","1"
"L201","get_output_folder","download-model.ModelDownloader.get_output_folder~Fn","L181","L103","/content/text-generation-webui/download-model.py","171","5","186","28","0","1","0","12","16","5","0","0","0","0","10","6","0","1","12","16","10","0","0","1","0","0","0","0","0","0","1"
"L208","get_single_file","download-model.ModelDownloader.get_single_file~Fn","L181","L103","/content/text-generation-webui/download-model.py","188","5","251","85","0","5","0","54","64","11","0","0","0","0","41","4","0","5","54","64","41","0","0","1","0","0","1","1","0","0","0"
"L213","start_download_threads","download-model.ModelDownloader.start_download_threads~Fn","L181","L103","/content/text-generation-webui/download-model.py","253","5","254","157","0","0","0","2","2","1","0","0","0","1","1","5","0","0","2","2","1","0","0","0","0","0","0","0","0","0","0"
"L220","download_model_files","download-model.ModelDownloader.download_model_files~Fn","L181","L103","/content/text-generation-webui/download-model.py","256","5","279","113","0","1","0","17","24","4","0","0","0","0","13","11","0","1","17","24","13","0","0","1","0","0","1","0","0","0","1"
"L232","check_model_files","download-model.ModelDownloader.check_model_files~Fn","L181","L103","/content/text-generation-webui/download-model.py","281","5","304","90","0","1","0","20","24","5","0","0","0","0","17","6","0","1","20","24","17","0","0","1","0","0","0","0","0","0","1"
"L317","__init__","custom_scheduler.FPNEFtuneTrainer.__init__~Fn","L315","L103","/content/text-generation-webui/extensions/Training_PRO/custom_scheduler.py","264","5","268","56","0","0","0","5","5","2","0","0","0","1","4","5","0","0","5","5","4","0","0","0","0","0","0","0","0","0","0"
"L325","_activate_neftune","custom_scheduler.FPNEFtuneTrainer._activate_neftune~Fn","L315","L103","/content/text-generation-webui/extensions/Training_PRO/custom_scheduler.py","271","5","292","20","0","6","3","12","22","3","0","0","0","0","11","2","0","6","12","22","11","0","0","0","0","0","0","0","0","0","0"
"L330","train","custom_scheduler.FPNEFtuneTrainer.train~Fn","L315","L103","/content/text-generation-webui/extensions/Training_PRO/custom_scheduler.py","294","5","311","21","0","2","0","12","18","5","0","0","0","0","11","3","0","2","12","18","11","0","0","0","0","0","0","0","0","0","0"
"L336","__init__","custom_scheduler.FPSchedulerTrainer.__init__~Fn","L334","L103","/content/text-generation-webui/extensions/Training_PRO/custom_scheduler.py","315","5","319","56","0","0","0","5","5","2","0","0","0","1","4","5","0","0","5","5","4","0","0","0","0","0","0","0","0","0","0"
"L344","_activate_neftune","custom_scheduler.FPSchedulerTrainer._activate_neftune~Fn","L334","L103","/content/text-generation-webui/extensions/Training_PRO/custom_scheduler.py","322","5","343","20","0","6","3","12","22","3","0","0","0","0","11","2","0","6","12","22","11","0","0","0","0","0","0","0","0","0","0"
"L349","train","custom_scheduler.FPSchedulerTrainer.train~Fn","L334","L103","/content/text-generation-webui/extensions/Training_PRO/custom_scheduler.py","345","5","362","21","0","2","0","12","18","5","0","0","0","0","11","3","0","2","12","18","11","0","0","0","0","0","0","0","0","0","0"
"L353","create_scheduler","custom_scheduler.FPSchedulerTrainer.create_scheduler~Fn","L334","L103","/content/text-generation-webui/extensions/Training_PRO/custom_scheduler.py","365","5","433","104","0","1","0","55","69","10","0","0","0","3","36","3","0","1","55","69","36","0","0","0","0","0","1","0","0","0","0"
"L643","__init__","script.MyLogits.__init__~Fn","L640","L103","/content/text-generation-webui/extensions/example/script.py","31","5","32","12","0","0","0","2","2","1","0","0","0","0","1","1","0","0","2","2","1","0","0","0","0","0","0","0","0","0","0"
"L647","__call__","script.MyLogits.__call__~Fn","L640","L103","/content/text-generation-webui/extensions/example/script.py","34","5","38","21","0","3","0","2","5","1","0","0","0","0","1","3","0","3","2","5","1","0","0","0","0","0","0","0","0","0","0"
"L750","__init__","script.MyLogits.__init__~Fn","L747","L103","/content/text-generation-webui/extensions/long_replies/script.py","24","5","26","12","0","0","0","3","3","1","0","0","0","0","2","1","0","0","3","3","2","0","0","0","0","0","0","0","0","0","0"
"L754","__call__","script.MyLogits.__call__~Fn","L747","L103","/content/text-generation-webui/extensions/long_replies/script.py","28","5","36","21","0","4","0","4","9","2","0","0","0","0","3","3","0","4","4","9","3","0","0","0","0","0","0","0","0","0","0"
"L813","name","abstract_pipeline.AbstractMultimodalPipeline.name~Fn","L811","L103","/content/text-generation-webui/extensions/multimodal/abstract_pipeline.py","10","5","14","12","0","1","1","4","5","1","0","0","0","0","1","0","0","1","4","5","1","0","0","0","0","0","0","0","0","0","0"
"L815","image_start","abstract_pipeline.AbstractMultimodalPipeline.image_start~Fn","L811","L103","/content/text-generation-webui/extensions/multimodal/abstract_pipeline.py","16","5","20","12","0","1","1","4","5","1","0","0","0","0","1","0","0","1","4","5","1","0","0","0","0","0","0","0","0","0","0"
"L817","image_end","abstract_pipeline.AbstractMultimodalPipeline.image_end~Fn","L811","L103","/content/text-generation-webui/extensions/multimodal/abstract_pipeline.py","22","5","26","12","0","1","1","4","5","1","0","0","0","0","1","0","0","1","4","5","1","0","0","0","0","0","0","0","0","0","0"
"L819","placeholder_token_id","abstract_pipeline.AbstractMultimodalPipeline.placeholder_token_id~Fn","L811","L103","/content/text-generation-webui/extensions/multimodal/abstract_pipeline.py","28","5","32","12","0","1","1","4","5","1","0","0","0","0","1","0","0","1","4","5","1","0","0","0","0","0","0","0","0","0","0"
"L821","num_image_embeds","abstract_pipeline.AbstractMultimodalPipeline.num_image_embeds~Fn","L811","L103","/content/text-generation-webui/extensions/multimodal/abstract_pipeline.py","34","5","38","12","0","1","1","4","5","1","0","0","0","0","1","0","0","1","4","5","1","0","0","0","0","0","0","0","0","0","0"
"L823","embed_images","abstract_pipeline.AbstractMultimodalPipeline.embed_images~Fn","L811","L103","/content/text-generation-webui/extensions/multimodal/abstract_pipeline.py","40","5","43","12","0","1","1","3","4","1","0","0","0","0","1","2","0","1","3","4","1","0","0","0","0","0","0","0","0","0","0"
"L829","embed_tokens","abstract_pipeline.AbstractMultimodalPipeline.embed_tokens~Fn","L811","L103","/content/text-generation-webui/extensions/multimodal/abstract_pipeline.py","45","5","49","12","0","1","1","4","5","1","0","0","0","0","1","1","0","1","4","5","1","0","0","0","0","0","0","0","0","0","0"
"L832","placeholder_embeddings","abstract_pipeline.AbstractMultimodalPipeline.placeholder_embeddings~Fn","L811","L103","/content/text-generation-webui/extensions/multimodal/abstract_pipeline.py","51","5","55","12","0","1","1","4","5","1","0","0","0","0","1","0","0","1","4","5","1","0","0","0","0","0","0","0","0","0","0"
"L834","_get_device","abstract_pipeline.AbstractMultimodalPipeline._get_device~Fn","L811","L103","/content/text-generation-webui/extensions/multimodal/abstract_pipeline.py","57","5","60","49","0","0","0","4","4","4","0","0","0","0","3","3","0","0","4","4","3","0","0","0","0","0","0","0","0","0","0"
"L838","_get_dtype","abstract_pipeline.AbstractMultimodalPipeline._get_dtype~Fn","L811","L103","/content/text-generation-webui/extensions/multimodal/abstract_pipeline.py","62","5","63","82","0","0","0","2","2","2","0","0","0","0","1","3","0","0","2","2","1","0","0","0","0","0","0","0","0","0","0"
"L854","__init__","multimodal_embedder.MultimodalEmbedder.__init__~Fn","L852","L103","/content/text-generation-webui/extensions/multimodal/multimodal_embedder.py","26","5","29","135","0","0","0","4","4","1","0","0","0","0","3","2","0","0","4","4","3","0","0","0","0","0","0","0","0","0","0"
"L859","_split_prompt","multimodal_embedder.MultimodalEmbedder._split_prompt~Fn","L852","L103","/content/text-generation-webui/extensions/multimodal/multimodal_embedder.py","31","5","60","20","0","8","4","22","30","6","0","0","0","0","15","3","0","8","22","30","15","0","0","0","0","0","0","0","0","0","0"
"L866","_len_in_tokens_prompt_parts","multimodal_embedder.MultimodalEmbedder._len_in_tokens_prompt_parts~Fn","L852","L103","/content/text-generation-webui/extensions/multimodal/multimodal_embedder.py","62","5","72","21","0","1","1","10","11","4","0","0","0","0","8","2","0","1","10","11","8","0","0","0","0","0","0","0","0","0","0"
"L870","len_in_tokens","multimodal_embedder.MultimodalEmbedder.len_in_tokens~Fn","L852","L103","/content/text-generation-webui/extensions/multimodal/multimodal_embedder.py","74","5","77","54","0","1","1","3","4","1","0","0","0","2","2","2","0","1","3","4","2","0","0","0","0","0","0","0","0","0","0"
"L876","_encode_single_text","multimodal_embedder.MultimodalEmbedder._encode_single_text~Fn","L852","L103","/content/text-generation-webui/extensions/multimodal/multimodal_embedder.py","79","5","86","19","0","1","1","7","8","2","0","0","0","0","5","3","0","1","7","8","5","0","0","0","0","0","0","0","0","0","0"
"L881","_num_images","multimodal_embedder.MultimodalEmbedder._num_images~Fn","L852","L103","/content/text-generation-webui/extensions/multimodal/multimodal_embedder.py","88","5","94","20","0","0","0","7","7","3","0","0","0","0","5","1","0","0","7","7","5","0","0","0","0","0","0","0","0","0","0"
"L883","_encode_text","multimodal_embedder.MultimodalEmbedder._encode_text~Fn","L852","L103","/content/text-generation-webui/extensions/multimodal/multimodal_embedder.py","96","5","143","22","0","15","6","28","48","12","0","0","0","2","26","3","0","15","28","48","26","0","0","1","0","0","1","1","0","0","0"
"L889","_embed","multimodal_embedder.MultimodalEmbedder._embed~Fn","L852","L103","/content/text-generation-webui/extensions/multimodal/multimodal_embedder.py","145","5","155","20","0","2","0","9","11","4","0","0","0","0","8","2","0","2","9","11","8","0","0","0","0","0","0","0","0","0","0"
"L892","_remove_old_images","multimodal_embedder.MultimodalEmbedder._remove_old_images~Fn","L852","L103","/content/text-generation-webui/extensions/multimodal/multimodal_embedder.py","157","5","167","20","0","0","0","11","11","5","0","0","0","0","9","3","0","0","11","11","9","0","0","0","0","0","0","0","0","0","0"
"L896","forward","multimodal_embedder.MultimodalEmbedder.forward~Fn","L852","L103","/content/text-generation-webui/extensions/multimodal/multimodal_embedder.py","169","5","178","78","0","0","0","10","10","1","0","0","0","5","9","4","0","0","10","10","9","0","0","0","0","0","0","0","0","0","0"
"L929","__init__","llava.LLaVA_v0_Pipeline.__init__~Fn","L926","L103","/content/text-generation-webui/extensions/multimodal/pipelines/llava/llava.py","33","5","39","88","0","0","0","7","7","1","0","0","0","1","6","2","0","0","7","7","6","0","0","0","0","0","0","0","0","0","0"
"L934","_load_models","llava.LLaVA_v0_Pipeline._load_models~Fn","L926","L103","/content/text-generation-webui/extensions/multimodal/pipelines/llava/llava.py","41","5","57","58","0","0","0","14","17","1","0","0","0","3","13","1","0","0","14","17","13","0","0","0","0","0","0","0","0","0","0"
"L937","build_mm_projector","llava.LLaVA_v0_Pipeline.build_mm_projector~Fn","L926","L103","/content/text-generation-webui/extensions/multimodal/pipelines/llava/llava.py","59","5","69","48","0","0","0","11","11","3","0","0","0","1","9","1","0","0","11","11","9","0","0","0","0","0","0","0","0","0","0"
"L947","image_start","llava.LLaVA_v0_Pipeline.image_start~Fn","L926","L103","/content/text-generation-webui/extensions/multimodal/pipelines/llava/llava.py","71","5","73","27","0","0","0","3","3","1","0","0","0","0","1","0","0","0","3","3","1","0","0","0","0","0","0","0","0","0","0"
"L948","image_end","llava.LLaVA_v0_Pipeline.image_end~Fn","L926","L103","/content/text-generation-webui/extensions/multimodal/pipelines/llava/llava.py","75","5","77","25","0","0","0","3","3","1","0","0","0","0","1","0","0","0","3","3","1","0","0","0","0","0","0","0","0","0","0"
"L949","num_image_embeds","llava.LLaVA_v0_Pipeline.num_image_embeds~Fn","L926","L103","/content/text-generation-webui/extensions/multimodal/pipelines/llava/llava.py","79","5","81","18","0","0","0","3","3","1","0","0","0","0","1","0","0","0","3","3","1","0","0","0","0","0","0","0","0","0","0"
"L950","embed_tokens","llava.LLaVA_v0_Pipeline.embed_tokens~Fn","L926","L103","/content/text-generation-webui/extensions/multimodal/pipelines/llava/llava.py","83","5","93","80","0","0","0","10","11","5","0","0","0","0","7","1","0","0","10","11","7","0","0","0","0","0","0","0","0","0","0"
"L952","placeholder_embeddings","llava.LLaVA_v0_Pipeline.placeholder_embeddings~Fn","L926","L103","/content/text-generation-webui/extensions/multimodal/pipelines/llava/llava.py","95","5","97","95","0","0","0","3","3","1","0","0","0","1","1","0","0","0","3","3","1","0","0","0","0","0","0","0","0","0","0"
"L954","embed_images","llava.LLaVA_v0_Pipeline.embed_images~Fn","L926","L103","/content/text-generation-webui/extensions/multimodal/pipelines/llava/llava.py","99","5","109","79","0","0","0","10","11","1","0","0","0","0","9","2","0","0","10","11","9","0","0","0","0","0","0","0","0","0","0"
"L939","llava_projector_repo","llava.LLaVA_v0_Pipeline.llava_projector_repo~Fn","L926","L103","/content/text-generation-webui/extensions/multimodal/pipelines/llava/llava.py","111","5","114","12","0","0","0","4","4","1","0","0","0","0","1","0","0","0","4","4","1","0","0","0","0","0","0","0","0","0","0"
"L941","llava_projector_filename","llava.LLaVA_v0_Pipeline.llava_projector_filename~Fn","L926","L103","/content/text-generation-webui/extensions/multimodal/pipelines/llava/llava.py","116","5","119","12","0","0","0","4","4","1","0","0","0","0","1","0","0","0","4","4","1","0","0","0","0","0","0","0","0","0","0"
"L945","llava_projector_shape","llava.LLaVA_v0_Pipeline.llava_projector_shape~Fn","L926","L103","/content/text-generation-webui/extensions/multimodal/pipelines/llava/llava.py","121","5","124","12","0","0","0","4","4","1","0","0","0","0","1","0","0","0","4","4","1","0","0","0","0","0","0","0","0","0","0"
"L959","__init__","llava.LLaVA_v0_13B_Pipeline.__init__~Fn","L957","L103","/content/text-generation-webui/extensions/multimodal/pipelines/llava/llava.py","128","5","129","32","0","0","0","2","2","1","0","0","0","0","1","2","0","0","2","2","1","0","0","0","0","0","0","0","0","0","0"
"L964","name","llava.LLaVA_v0_13B_Pipeline.name~Fn","L957","L103","/content/text-generation-webui/extensions/multimodal/pipelines/llava/llava.py","131","5","133","26","0","0","0","3","3","1","0","0","0","0","1","0","0","0","3","3","1","0","0","0","0","0","0","0","0","0","0"
"L965","placeholder_token_id","llava.LLaVA_v0_13B_Pipeline.placeholder_token_id~Fn","L957","L103","/content/text-generation-webui/extensions/multimodal/pipelines/llava/llava.py","135","5","137","20","0","0","0","3","3","1","0","0","0","0","1","0","0","0","3","3","1","0","0","0","0","0","0","0","0","0","0"
"L966","llava_projector_shape","llava.LLaVA_v0_13B_Pipeline.llava_projector_shape~Fn","L957","L103","/content/text-generation-webui/extensions/multimodal/pipelines/llava/llava.py","139","5","141","27","0","0","0","3","3","1","0","0","0","0","1","0","0","0","3","3","1","0","0","0","0","0","0","0","0","0","0"
"L967","llava_projector_filename","llava.LLaVA_v0_13B_Pipeline.llava_projector_filename~Fn","L957","L103","/content/text-generation-webui/extensions/multimodal/pipelines/llava/llava.py","143","5","145","33","0","0","0","3","3","1","0","0","0","0","1","0","0","0","3","3","1","0","0","0","0","0","0","0","0","0","0"
"L968","llava_projector_repo","llava.LLaVA_v0_13B_Pipeline.llava_projector_repo~Fn","L957","L103","/content/text-generation-webui/extensions/multimodal/pipelines/llava/llava.py","147","5","149","46","0","0","0","3","3","1","0","0","0","0","1","0","0","0","3","3","1","0","0","0","0","0","0","0","0","0","0"
"L971","__init__","llava.LLaVA_v0_7B_Pipeline.__init__~Fn","L969","L103","/content/text-generation-webui/extensions/multimodal/pipelines/llava/llava.py","153","5","154","32","0","0","0","2","2","1","0","0","0","0","1","2","0","0","2","2","1","0","0","0","0","0","0","0","0","0","0"
"L976","name","llava.LLaVA_v0_7B_Pipeline.name~Fn","L969","L103","/content/text-generation-webui/extensions/multimodal/pipelines/llava/llava.py","156","5","158","25","0","0","0","3","3","1","0","0","0","0","1","0","0","0","3","3","1","0","0","0","0","0","0","0","0","0","0"
"L977","placeholder_token_id","llava.LLaVA_v0_7B_Pipeline.placeholder_token_id~Fn","L969","L103","/content/text-generation-webui/extensions/multimodal/pipelines/llava/llava.py","160","5","162","20","0","0","0","3","3","1","0","0","0","0","1","0","0","0","3","3","1","0","0","0","0","0","0","0","0","0","0"
"L978","llava_projector_shape","llava.LLaVA_v0_7B_Pipeline.llava_projector_shape~Fn","L969","L103","/content/text-generation-webui/extensions/multimodal/pipelines/llava/llava.py","164","5","166","27","0","0","0","3","3","1","0","0","0","0","1","0","0","0","3","3","1","0","0","0","0","0","0","0","0","0","0"
"L979","llava_projector_filename","llava.LLaVA_v0_7B_Pipeline.llava_projector_filename~Fn","L969","L103","/content/text-generation-webui/extensions/multimodal/pipelines/llava/llava.py","168","5","170","33","0","0","0","3","3","1","0","0","0","0","1","0","0","0","3","3","1","0","0","0","0","0","0","0","0","0","0"
"L980","llava_projector_repo","llava.LLaVA_v0_7B_Pipeline.llava_projector_repo~Fn","L969","L103","/content/text-generation-webui/extensions/multimodal/pipelines/llava/llava.py","172","5","174","45","0","0","0","3","3","1","0","0","0","0","1","0","0","0","3","3","1","0","0","0","0","0","0","0","0","0","0"
"L983","__init__","llava.LLaVA_LLaMA_2_13B_Pipeline.__init__~Fn","L981","L103","/content/text-generation-webui/extensions/multimodal/pipelines/llava/llava.py","178","5","179","32","0","0","0","2","2","1","0","0","0","0","1","2","0","0","2","2","1","0","0","0","0","0","0","0","0","0","0"
"L988","name","llava.LLaVA_LLaMA_2_13B_Pipeline.name~Fn","L981","L103","/content/text-generation-webui/extensions/multimodal/pipelines/llava/llava.py","181","5","183","34","0","0","0","3","3","1","0","0","0","0","1","0","0","0","3","3","1","0","0","0","0","0","0","0","0","0","0"
"L989","placeholder_token_id","llava.LLaVA_LLaMA_2_13B_Pipeline.placeholder_token_id~Fn","L981","L103","/content/text-generation-webui/extensions/multimodal/pipelines/llava/llava.py","185","5","187","16","0","0","0","3","3","1","0","0","0","0","1","0","0","0","3","3","1","0","0","0","0","0","0","0","0","0","0"
"L990","llava_projector_repo","llava.LLaVA_LLaMA_2_13B_Pipeline.llava_projector_repo~Fn","L981","L103","/content/text-generation-webui/extensions/multimodal/pipelines/llava/llava.py","189","5","191","68","0","0","0","3","3","1","0","0","0","0","1","0","0","0","3","3","1","0","0","0","0","0","0","0","0","0","0"
"L991","image_start","llava.LLaVA_LLaMA_2_13B_Pipeline.image_start~Fn","L981","L103","/content/text-generation-webui/extensions/multimodal/pipelines/llava/llava.py","193","5","195","17","0","0","0","3","3","1","0","0","0","0","1","0","0","0","3","3","1","0","0","0","0","0","0","0","0","0","0"
"L992","image_end","llava.LLaVA_LLaMA_2_13B_Pipeline.image_end~Fn","L981","L103","/content/text-generation-webui/extensions/multimodal/pipelines/llava/llava.py","197","5","199","17","0","0","0","3","3","1","0","0","0","0","1","0","0","0","3","3","1","0","0","0","0","0","0","0","0","0","0"
"L993","placeholder_embeddings","llava.LLaVA_LLaMA_2_13B_Pipeline.placeholder_embeddings~Fn","L981","L103","/content/text-generation-webui/extensions/multimodal/pipelines/llava/llava.py","201","5","203","90","0","0","0","3","3","1","0","0","0","1","1","0","0","0","3","3","1","0","0","0","0","0","0","0","0","0","0"
"L997","__init__","llava.LLaVA_v1_5_13B_Pipeline.__init__~Fn","L994","L103","/content/text-generation-webui/extensions/multimodal/pipelines/llava/llava.py","209","5","210","32","0","0","0","2","2","1","0","0","0","0","1","2","0","0","2","2","1","0","0","0","0","0","0","0","0","0","0"
"L1002","name","llava.LLaVA_v1_5_13B_Pipeline.name~Fn","L994","L103","/content/text-generation-webui/extensions/multimodal/pipelines/llava/llava.py","212","5","214","31","0","0","0","3","3","1","0","0","0","0","1","0","0","0","3","3","1","0","0","0","0","0","0","0","0","0","0"
"L1003","llava_projector_shape","llava.LLaVA_v1_5_13B_Pipeline.llava_projector_shape~Fn","L994","L103","/content/text-generation-webui/extensions/multimodal/pipelines/llava/llava.py","216","5","218","33","0","0","0","3","3","1","0","0","0","0","1","0","0","0","3","3","1","0","0","0","0","0","0","0","0","0","0"
"L1004","placeholder_token_id","llava.LLaVA_v1_5_13B_Pipeline.placeholder_token_id~Fn","L994","L103","/content/text-generation-webui/extensions/multimodal/pipelines/llava/llava.py","220","5","222","16","0","0","0","3","3","1","0","0","0","0","1","0","0","0","3","3","1","0","0","0","0","0","0","0","0","0","0"
"L1005","llava_projector_repo","llava.LLaVA_v1_5_13B_Pipeline.llava_projector_repo~Fn","L994","L103","/content/text-generation-webui/extensions/multimodal/pipelines/llava/llava.py","224","5","226","42","0","0","0","3","3","1","0","0","0","0","1","0","0","0","3","3","1","0","0","0","0","0","0","0","0","0","0"
"L1006","image_start","llava.LLaVA_v1_5_13B_Pipeline.image_start~Fn","L994","L103","/content/text-generation-webui/extensions/multimodal/pipelines/llava/llava.py","228","5","230","17","0","0","0","3","3","1","0","0","0","0","1","0","0","0","3","3","1","0","0","0","0","0","0","0","0","0","0"
"L1007","image_end","llava.LLaVA_v1_5_13B_Pipeline.image_end~Fn","L994","L103","/content/text-generation-webui/extensions/multimodal/pipelines/llava/llava.py","232","5","234","17","0","0","0","3","3","1","0","0","0","0","1","0","0","0","3","3","1","0","0","0","0","0","0","0","0","0","0"
"L1008","num_image_embeds","llava.LLaVA_v1_5_13B_Pipeline.num_image_embeds~Fn","L994","L103","/content/text-generation-webui/extensions/multimodal/pipelines/llava/llava.py","236","5","238","18","0","0","0","3","3","1","0","0","0","0","1","0","0","0","3","3","1","0","0","0","0","0","0","0","0","0","0"
"L1009","embed_images","llava.LLaVA_v1_5_13B_Pipeline.embed_images~Fn","L994","L103","/content/text-generation-webui/extensions/multimodal/pipelines/llava/llava.py","240","5","246","43","0","1","0","6","7","1","0","0","0","1","2","2","0","1","6","7","2","0","0","0","0","0","0","0","0","0","0"
"L1013","placeholder_embeddings","llava.LLaVA_v1_5_13B_Pipeline.placeholder_embeddings~Fn","L994","L103","/content/text-generation-webui/extensions/multimodal/pipelines/llava/llava.py","248","5","250","90","0","0","0","3","3","1","0","0","0","1","1","0","0","0","3","3","1","0","0","0","0","0","0","0","0","0","0"
"L1016","name","llava.LLaVA_v1_5_7B_Pipeline.name~Fn","L1014","L103","/content/text-generation-webui/extensions/multimodal/pipelines/llava/llava.py","253","5","255","30","0","0","0","3","3","1","0","0","0","0","1","0","0","0","3","3","1","0","0","0","0","0","0","0","0","0","0"
"L1017","llava_projector_shape","llava.LLaVA_v1_5_7B_Pipeline.llava_projector_shape~Fn","L1014","L103","/content/text-generation-webui/extensions/multimodal/pipelines/llava/llava.py","257","5","259","33","0","0","0","3","3","1","0","0","0","0","1","0","0","0","3","3","1","0","0","0","0","0","0","0","0","0","0"
"L1018","llava_projector_repo","llava.LLaVA_v1_5_7B_Pipeline.llava_projector_repo~Fn","L1014","L103","/content/text-generation-webui/extensions/multimodal/pipelines/llava/llava.py","260","5","262","41","0","0","0","3","3","1","0","0","0","0","1","0","0","0","3","3","1","0","0","0","0","0","0","0","0","0","0"
"L1076","__init__","completions.LogitsBiasProcessor.__init__~Fn","L1074","L103","/content/text-generation-webui/extensions/openai/completions.py","34","5","40","33","0","0","0","7","7","2","0","0","0","0","6","2","0","0","7","7","6","0","0","0","0","0","0","0","0","0","0"
"L1081","__call__","completions.LogitsBiasProcessor.__call__~Fn","L1074","L103","/content/text-generation-webui/extensions/openai/completions.py","42","5","49","21","0","0","0","7","8","2","0","0","0","0","6","3","0","0","7","8","6","0","0","0","0","0","0","0","0","0","0"
"L1085","__repr__","completions.LogitsBiasProcessor.__repr__~Fn","L1074","L103","/content/text-generation-webui/extensions/openai/completions.py","51","5","52","75","0","0","0","2","2","1","0","0","0","0","1","1","0","0","2","2","1","0","0","0","0","0","0","0","0","0","0"
"L1089","__init__","completions.LogprobProcessor.__init__~Fn","L1087","L103","/content/text-generation-webui/extensions/openai/completions.py","56","5","58","36","0","0","0","3","3","1","0","0","0","0","2","2","0","0","3","3","2","0","0","0","0","0","0","0","0","0","0"
"L1094","__call__","completions.LogprobProcessor.__call__~Fn","L1087","L103","/content/text-generation-webui/extensions/openai/completions.py","60","5","69","21","0","1","0","9","10","2","0","0","0","0","8","3","0","1","9","10","8","0","0","0","0","0","0","0","0","0","0"
"L1098","__repr__","completions.LogprobProcessor.__repr__~Fn","L1087","L103","/content/text-generation-webui/extensions/openai/completions.py","71","5","72","117","0","0","0","2","2","1","0","0","0","0","1","1","0","0","2","2","1","0","0","0","0","0","0","0","0","0","0"
"L1165","__init__","errors.OpenAIError.__init__~Fn","L1163","L103","/content/text-generation-webui/extensions/openai/errors.py","2","5","5","48","0","0","0","4","4","1","0","0","0","0","3","4","0","0","4","4","3","0","0","0","0","0","0","0","0","0","0"
"L1172","__repr__","errors.OpenAIError.__repr__~Fn","L1163","L103","/content/text-generation-webui/extensions/openai/errors.py","7","5","12","9","0","0","0","6","6","1","0","0","0","0","1","1","0","0","6","6","1","0","0","0","0","0","0","0","0","0","0"
"L1176","__init__","errors.InvalidRequestError.__init__~Fn","L1174","L103","/content/text-generation-webui/extensions/openai/errors.py","16","5","18","26","0","0","0","3","3","1","0","0","0","0","2","5","0","0","3","3","2","0","0","0","0","0","0","0","0","0","0"
"L1184","__repr__","errors.InvalidRequestError.__repr__~Fn","L1174","L103","/content/text-generation-webui/extensions/openai/errors.py","20","5","26","9","0","0","0","7","7","1","0","0","0","0","1","1","0","0","7","7","1","0","0","0","0","0","0","0","0","0","0"
"L1188","__init__","errors.ServiceUnavailableError.__init__~Fn","L1186","L103","/content/text-generation-webui/extensions/openai/errors.py","30","5","31","57","0","0","0","2","2","1","0","0","0","0","1","4","0","0","2","2","1","0","0","0","0","0","0","0","0","0","0"
"L1528","__init__","script.PerplexityLogits.__init__~Fn","L1526","L103","/content/text-generation-webui/extensions/perplexity_colors/script.py","21","5","28","30","0","0","0","8","8","1","0","0","0","0","7","2","0","0","8","8","7","0","0","0","0","0","0","0","0","0","0"
"L1533","__call__","script.PerplexityLogits.__call__~Fn","L1526","L103","/content/text-generation-webui/extensions/perplexity_colors/script.py","30","5","80","21","0","12","0","37","51","6","0","0","0","0","34","3","0","12","37","51","34","0","0","0","0","0","0","0","0","0","0"
"L1770","__init__","chromadb.ChromaCollector.__init__~Fn","L1768","L103","/content/text-generation-webui/extensions/superbooga/chromadb.py","16","5","22","21","0","0","0","6","7","1","0","0","0","0","5","1","0","0","6","7","5","0","0","0","0","0","0","0","0","0","0"
"L1774","add","chromadb.ChromaCollector.add~Fn","L1768","L103","/content/text-generation-webui/extensions/superbooga/chromadb.py","24","5","29","58","0","0","0","5","6","2","0","0","0","0","4","2","0","0","5","6","4","0","0","0","0","0","0","0","0","0","0"
"L1777","get_documents_ids_distances","chromadb.ChromaCollector.get_documents_ids_distances~Fn","L1768","L103","/content/text-generation-webui/extensions/superbooga/chromadb.py","31","5","40","40","0","0","0","9","10","2","0","0","0","0","8","3","0","0","9","10","8","0","0","0","0","0","0","0","0","0","0"
"L1781","get","chromadb.ChromaCollector.get~Fn","L1768","L103","/content/text-generation-webui/extensions/superbooga/chromadb.py","43","5","45","24","0","1","0","3","3","1","0","0","0","0","2","3","0","1","3","3","2","0","0","0","0","0","0","0","0","0","0"
"L1785","get_ids","chromadb.ChromaCollector.get_ids~Fn","L1768","L103","/content/text-generation-webui/extensions/superbooga/chromadb.py","48","5","50","18","0","1","0","3","3","1","0","0","0","0","2","3","0","1","3","3","2","0","0","0","0","0","0","0","0","0","0"
"L1789","get_sorted","chromadb.ChromaCollector.get_sorted~Fn","L1768","L103","/content/text-generation-webui/extensions/superbooga/chromadb.py","53","5","55","58","0","1","0","3","3","1","0","0","0","0","2","3","0","1","3","3","2","0","0","0","0","0","0","0","0","0","0"
"L1793","apply_time_weight_to_distances","chromadb.ChromaCollector.apply_time_weight_to_distances~Fn","L1768","L103","/content/text-generation-webui/extensions/superbooga/chromadb.py","58","5","62","114","0","1","0","4","5","2","0","0","0","0","3","4","0","1","4","5","3","0","0","0","0","0","0","0","0","0","0"
"L1798","get_ids_sorted","chromadb.ChromaCollector.get_ids_sorted~Fn","L1768","L103","/content/text-generation-webui/extensions/superbooga/chromadb.py","65","5","83","26","0","1","0","16","19","6","0","0","0","0","15","5","0","1","16","19","15","0","0","0","0","0","0","0","0","0","0"
"L1804","clear","chromadb.ChromaCollector.clear~Fn","L1768","L103","/content/text-generation-webui/extensions/superbooga/chromadb.py","85","5","88","107","0","0","0","4","4","1","0","0","0","0","3","1","0","0","4","4","3","0","0","0","0","0","0","0","0","0","0"
"L1868","__init__","api.CustomThreadingHTTPServer.__init__~Fn","L1866","L103","/content/text-generation-webui/extensions/superboogav2/api.py","27","5","29","80","0","0","0","3","3","1","0","0","0","0","2","5","0","0","3","3","2","0","0","0","0","0","0","0","0","0","0"
"L1876","finish_request","api.CustomThreadingHTTPServer.finish_request~Fn","L1866","L103","/content/text-generation-webui/extensions/superboogav2/api.py","31","5","32","79","0","0","0","2","2","1","0","0","0","0","1","3","0","0","2","2","1","0","0","0","0","0","0","0","0","0","0"
"L1882","__init__","api.Handler.__init__~Fn","L1880","L103","/content/text-generation-webui/extensions/superboogav2/api.py","36","5","38","57","0","0","0","3","3","1","0","0","0","0","2","5","0","0","3","3","2","0","0","0","0","0","0","0","0","0","0"
"L1890","_send_412_error","api.Handler._send_412_error~Fn","L1880","L103","/content/text-generation-webui/extensions/superboogav2/api.py","40","5","45","50","0","0","0","6","6","1","0","0","0","1","5","2","0","0","6","6","5","0","0","0","0","0","0","0","0","0","0"
"L1895","_send_404_error","api.Handler._send_404_error~Fn","L1880","L103","/content/text-generation-webui/extensions/superboogav2/api.py","47","5","52","50","0","0","0","6","6","1","0","0","0","1","5","1","0","0","6","6","5","0","0","0","0","0","0","0","0","0","0"
"L1897","_send_400_error","api.Handler._send_400_error~Fn","L1880","L103","/content/text-generation-webui/extensions/superboogav2/api.py","54","5","59","50","0","0","0","6","6","1","0","0","0","1","5","2","0","0","6","6","5","0","0","0","0","0","0","0","0","0","0"
"L1900","_send_200_response","api.Handler._send_200_response~Fn","L1880","L103","/content/text-generation-webui/extensions/superboogav2/api.py","61","5","71","50","0","0","0","9","11","2","0","0","0","1","7","2","0","0","9","11","7","0","0","0","0","0","0","0","0","0","0"
"L1903","_handle_get","api.Handler._handle_get~Fn","L1880","L103","/content/text-generation-webui/extensions/superboogav2/api.py","73","5","83","9","0","1","0","10","11","3","0","0","0","0","6","5","0","1","10","11","6","0","0","0","0","0","0","0","0","0","0"
"L1909","do_GET","api.Handler.do_GET~Fn","L1880","L103","/content/text-generation-webui/extensions/superboogav2/api.py","85","5","86","30","0","0","0","2","2","1","0","0","0","1","1","1","0","0","2","2","1","0","0","0","0","0","0","0","0","0","0"
"L1912","do_POST","api.Handler.do_POST~Fn","L1880","L103","/content/text-generation-webui/extensions/superboogav2/api.py","88","5","139","40","0","0","0","41","52","10","0","0","0","5","38","1","0","0","41","52","38","0","0","0","0","0","1","0","0","0","0"
"L1918","do_DELETE","api.Handler.do_DELETE~Fn","L1880","L103","/content/text-generation-webui/extensions/superboogav2/api.py","141","5","153","40","0","0","0","12","13","3","0","0","0","3","9","1","0","0","12","13","9","0","0","0","0","0","0","0","0","0","0"
"L1920","do_OPTIONS","api.Handler.do_OPTIONS~Fn","L1880","L103","/content/text-generation-webui/extensions/superboogav2/api.py","155","5","157","26","0","0","0","3","3","1","0","0","0","1","2","1","0","0","3","3","2","0","0","0","0","0","0","0","0","0","0"
"L1893","end_headers","api.Handler.end_headers~Fn","L1880","L103","/content/text-generation-webui/extensions/superboogav2/api.py","159","5","164","29","0","0","0","6","6","1","0","0","0","0","5","1","0","0","6","6","5","0","0","0","0","0","0","0","0","0","0"
"L1925","__init__","api.APIManager.__init__~Fn","L1923","L103","/content/text-generation-webui/extensions/superboogav2/api.py","168","5","171","31","0","0","0","4","4","1","0","0","0","0","3","2","0","0","4","4","3","0","0","0","0","0","0","0","0","0","0"
"L1930","start_server","api.APIManager.start_server~Fn","L1923","L103","/content/text-generation-webui/extensions/superboogav2/api.py","173","5","185","30","0","0","0","9","13","3","0","0","0","0","8","2","0","0","9","13","8","0","0","0","0","0","0","0","0","0","0"
"L1933","stop_server","api.APIManager.stop_server~Fn","L1923","L103","/content/text-generation-webui/extensions/superboogav2/api.py","187","5","193","35","0","0","0","7","7","2","0","0","0","0","6","1","0","0","7","7","6","0","0","0","0","0","0","0","0","0","0"
"L1935","is_server_running","api.APIManager.is_server_running~Fn","L1923","L103","/content/text-generation-webui/extensions/superboogav2/api.py","195","5","196","30","0","0","0","2","2","1","0","0","0","0","1","1","0","0","2","2","1","0","0","0","0","0","0","0","0","0","0"
"L1987","__init__","chromadb.Info.__init__~Fn","L1985","L103","/content/text-generation-webui/extensions/superboogav2/chromadb.py","23","5","27","20","0","0","0","5","5","1","0","0","0","0","4","5","0","0","5","5","4","0","0","0","0","0","0","0","0","0","0"
"L1995","calculate_distance","chromadb.Info.calculate_distance~Fn","L1985","L103","/content/text-generation-webui/extensions/superboogav2/chromadb.py","29","5","43","58","0","5","0","11","15","5","0","0","0","0","9","2","0","5","11","15","9","0","0","0","0","0","0","0","0","0","0"
"L1998","merge_with","chromadb.Info.merge_with~Fn","L1985","L103","/content/text-generation-webui/extensions/superboogav2/chromadb.py","45","5","67","19","0","2","0","20","23","5","0","0","0","2","16","2","0","2","20","23","16","0","0","0","0","0","0","0","0","0","0"
"L2002","should_merge","chromadb.Info.should_merge~Fn","L1985","L103","/content/text-generation-webui/extensions/superboogav2/chromadb.py","69","5","75","59","0","1","0","5","7","2","0","0","0","0","3","4","0","1","5","7","3","0","0","0","0","0","0","0","0","0","0"
"L2010","__init__","chromadb.ChromaCollector.__init__~Fn","L2008","L103","/content/text-generation-webui/extensions/superboogav2/chromadb.py","79","5","89","36","0","1","0","9","11","1","0","0","0","0","8","1","0","1","9","11","8","0","0","0","0","0","0","0","0","0","0"
"L2014","add","chromadb.ChromaCollector.add~Fn","L2008","L103","/content/text-generation-webui/extensions/superboogav2/chromadb.py","91","5","130","36","0","3","0","29","40","8","0","0","0","2","24","5","0","3","29","40","24","0","0","0","0","0","0","0","0","0","0"
"L2020","_split_texts_by_cache_hit","chromadb.ChromaCollector._split_texts_by_cache_hit~Fn","L2008","L103","/content/text-generation-webui/extensions/superboogav2/chromadb.py","132","5","153","73","0","0","0","20","22","4","0","0","0","0","17","4","0","0","20","22","17","0","0","0","0","0","0","0","0","0","0"
"L2022","_get_new_ids","chromadb.ChromaCollector._get_new_ids~Fn","L2008","L103","/content/text-generation-webui/extensions/superboogav2/chromadb.py","155","5","161","73","0","0","0","6","7","2","0","0","0","0","4","2","0","0","6","7","4","0","0","0","0","0","0","0","0","0","0"
"L2030","_find_min_max_start_index","chromadb.ChromaCollector._find_min_max_start_index~Fn","L2008","L103","/content/text-generation-webui/extensions/superboogav2/chromadb.py","163","5","170","35","0","0","0","8","8","4","0","0","0","0","7","1","0","0","8","8","7","0","0","0","0","0","0","0","0","0","0"
"L2032","_apply_sigmoid_time_weighing","chromadb.ChromaCollector._apply_sigmoid_time_weighing~Fn","L2008","L103","/content/text-generation-webui/extensions/superboogav2/chromadb.py","177","5","193","43","0","6","0","9","15","2","0","0","0","1","8","5","0","6","11","17","9","0","0","0","0","0","0","0","0","0","0"
"L2041","_filter_outliers_by_median_distance","chromadb.ChromaCollector._filter_outliers_by_median_distance~Fn","L2008","L103","/content/text-generation-webui/extensions/superboogav2/chromadb.py","195","5","213","29","0","5","0","9","19","3","0","0","0","0","8","3","0","5","9","19","8","0","0","0","0","0","0","0","0","0","0"
"L2045","_merge_infos","chromadb.ChromaCollector._merge_infos~Fn","L2008","L103","/content/text-generation-webui/extensions/superboogav2/chromadb.py","215","5","228","27","0","0","0","12","14","3","0","0","0","0","10","2","0","0","12","14","10","0","0","0","0","0","0","0","0","0","0"
"L2048","_get_documents_ids_distances","chromadb.ChromaCollector._get_documents_ids_distances~Fn","L2008","L103","/content/text-generation-webui/extensions/superboogav2/chromadb.py","232","5","261","49","0","1","0","23","30","4","0","0","0","0","19","3","0","1","23","30","19","0","0","0","0","0","0","0","0","0","0"
"L2052","get","chromadb.ChromaCollector.get~Fn","L2008","L103","/content/text-generation-webui/extensions/superboogav2/chromadb.py","265","5","268","28","0","1","0","4","4","1","0","0","0","0","3","3","0","1","4","4","3","0","0","0","0","0","0","0","0","0","0"
"L2056","get_ids","chromadb.ChromaCollector.get_ids~Fn","L2008","L103","/content/text-generation-webui/extensions/superboogav2/chromadb.py","272","5","275","22","0","1","0","4","4","1","0","0","0","0","3","3","0","1","4","4","3","0","0","0","0","0","0","0","0","0","0"
"L2060","_get_documents_up_to_token_count","chromadb.ChromaCollector._get_documents_up_to_token_count~Fn","L2008","L103","/content/text-generation-webui/extensions/superboogav2/chromadb.py","279","5","299","31","0","4","0","15","21","3","0","0","0","0","13","3","0","4","15","21","13","0","0","0","0","0","0","0","0","0","0"
"L2064","get_sorted_by_ids","chromadb.ChromaCollector.get_sorted_by_ids~Fn","L2008","L103","/content/text-generation-webui/extensions/superboogav2/chromadb.py","303","5","308","86","0","1","0","5","6","1","0","0","0","0","4","4","0","1","5","6","4","0","0","0","0","0","0","0","0","0","0"
"L2069","get_sorted_by_dist","chromadb.ChromaCollector.get_sorted_by_dist~Fn","L2008","L103","/content/text-generation-webui/extensions/superboogav2/chromadb.py","312","5","321","35","0","4","0","7","10","1","0","0","0","0","6","4","0","4","7","10","6","0","0","0","0","0","0","0","0","0","0"
"L2074","delete","chromadb.ChromaCollector.delete~Fn","L2008","L103","/content/text-generation-webui/extensions/superboogav2/chromadb.py","323","5","334","92","0","1","0","9","12","2","0","0","0","0","8","3","0","1","9","12","8","0","0","0","0","0","0","0","0","0","0"
"L2078","clear","chromadb.ChromaCollector.clear~Fn","L2008","L103","/content/text-generation-webui/extensions/superboogav2/chromadb.py","336","5","344","79","0","0","0","7","9","1","0","0","0","0","6","1","0","0","7","9","6","0","0","0","0","0","0","0","0","0","0"
"L2091","__init__","data_preprocessor.TextPreprocessorBuilder.__init__~Fn","L2085","L103","/content/text-generation-webui/extensions/superboogav2/data_preprocessor.py","34","5","35","24","0","0","0","2","2","1","0","0","0","0","1","2","0","0","2","2","1","0","0","0","0","0","0","0","0","0","0"
"L2096","to_lower","data_preprocessor.TextPreprocessorBuilder.to_lower~Fn","L2085","L103","/content/text-generation-webui/extensions/superboogav2/data_preprocessor.py","37","5","47","19","0","3","0","8","11","5","0","0","0","0","7","1","0","3","8","11","7","0","0","0","0","0","0","0","0","0","0"
"L2098","num_to_word","data_preprocessor.TextPreprocessorBuilder.num_to_word~Fn","L2085","L103","/content/text-generation-webui/extensions/superboogav2/data_preprocessor.py","49","5","59","19","0","5","0","7","11","4","0","0","0","0","6","2","0","5","7","11","6","0","0","0","0","0","0","0","0","0","0"
"L2101","num_to_char_long","data_preprocessor.TextPreprocessorBuilder.num_to_char_long~Fn","L2085","L103","/content/text-generation-webui/extensions/superboogav2/data_preprocessor.py","61","5","74","19","0","2","0","7","12","4","0","0","0","1","6","2","0","4","9","14","7","0","0","0","0","0","0","0","0","0","0"
"L2107","num_to_char","data_preprocessor.TextPreprocessorBuilder.num_to_char~Fn","L2085","L103","/content/text-generation-webui/extensions/superboogav2/data_preprocessor.py","76","5","86","19","0","4","0","7","11","4","0","0","0","0","6","2","0","4","7","11","6","0","0","0","0","0","0","0","0","0","0"
"L2110","merge_spaces","data_preprocessor.TextPreprocessorBuilder.merge_spaces~Fn","L2085","L103","/content/text-generation-webui/extensions/superboogav2/data_preprocessor.py","88","5","90","19","0","0","0","3","3","1","0","0","0","0","2","1","0","0","3","3","2","0","0","0","0","0","0","0","0","0","0"
"L2112","strip","data_preprocessor.TextPreprocessorBuilder.strip~Fn","L2085","L103","/content/text-generation-webui/extensions/superboogav2/data_preprocessor.py","92","5","94","19","0","0","0","3","3","1","0","0","0","0","2","1","0","0","3","3","2","0","0","0","0","0","0","0","0","0","0"
"L2114","remove_punctuation","data_preprocessor.TextPreprocessorBuilder.remove_punctuation~Fn","L2085","L103","/content/text-generation-webui/extensions/superboogav2/data_preprocessor.py","96","5","98","19","0","0","0","3","3","1","0","0","0","0","2","1","0","0","3","3","2","0","0","0","0","0","0","0","0","0","0"
"L2116","remove_stopwords","data_preprocessor.TextPreprocessorBuilder.remove_stopwords~Fn","L2085","L103","/content/text-generation-webui/extensions/superboogav2/data_preprocessor.py","100","5","102","19","0","0","0","3","3","1","0","0","0","0","2","1","0","0","3","3","2","0","0","0","0","0","0","0","0","0","0"
"L2118","remove_specific_pos","data_preprocessor.TextPreprocessorBuilder.remove_specific_pos~Fn","L2085","L103","/content/text-generation-webui/extensions/superboogav2/data_preprocessor.py","104","5","133","19","0","9","4","16","30","5","0","0","0","0","15","1","0","9","16","30","15","0","0","0","0","0","0","0","0","0","0"
"L2121","lemmatize","data_preprocessor.TextPreprocessorBuilder.lemmatize~Fn","L2085","L103","/content/text-generation-webui/extensions/superboogav2/data_preprocessor.py","135","5","145","19","0","0","0","9","11","2","0","0","0","0","8","1","0","0","9","11","8","0","0","0","0","0","0","0","0","0","0"
"L2123","build","data_preprocessor.TextPreprocessorBuilder.build~Fn","L2085","L103","/content/text-generation-webui/extensions/superboogav2/data_preprocessor.py","147","5","148","24","0","0","0","2","2","1","0","0","0","0","1","1","0","0","2","2","1","0","0","0","0","0","0","0","0","0","0"
"L2129","_load_nlp_pipeline","data_preprocessor.TextSummarizer._load_nlp_pipeline~Fn","L2125","L103","/content/text-generation-webui/extensions/superboogav2/data_preprocessor.py","155","5","161","43","0","1","0","6","7","2","0","0","0","0","4","0","0","1","6","7","4","0","0","0","0","0","0","0","0","0","0"
"L2130","process_long_text","data_preprocessor.TextSummarizer.process_long_text~Fn","L2125","L103","/content/text-generation-webui/extensions/superboogav2/data_preprocessor.py","163","5","197","21","0","12","8","18","35","3","0","0","0","0","15","2","0","12","18","35","15","0","0","0","0","0","0","0","0","0","0"
"L2246","getInstance","parameters.Parameters.getInstance~Fn","L2242","L103","/content/text-generation-webui/extensions/superboogav2/parameters.py","50","5","54","35","0","0","0","5","5","2","0","0","0","0","3","0","0","0","5","5","3","0","0","0","0","0","0","0","0","0","0"
"L2247","__init__","parameters.Parameters.__init__~Fn","L2242","L103","/content/text-generation-webui/extensions/superboogav2/parameters.py","56","5","61","100","0","0","0","6","6","2","0","0","0","1","4","1","0","0","6","6","4","0","0","0","0","0","0","0","0","0","0"
"L2251","_load_from_json","parameters.Parameters._load_from_json~Fn","L2242","L103","/content/text-generation-webui/extensions/superboogav2/parameters.py","63","5","76","19","0","1","0","10","14","5","0","0","0","0","9","2","0","1","10","14","9","0","0","0","0","0","0","0","0","0","0"
"L2511","__enter__","block_requests.RequestBlocker.__enter__~Fn","L2509","L103","/content/text-generation-webui/modules/block_requests.py","16","5","17","29","0","0","0","2","2","1","0","0","0","0","1","1","0","0","2","2","1","0","0","0","0","0","0","0","0","0","0"
"L2515","__exit__","block_requests.RequestBlocker.__exit__~Fn","L2509","L103","/content/text-generation-webui/modules/block_requests.py","19","5","20","35","0","0","0","2","2","1","0","0","0","0","1","4","0","0","2","2","1","0","0","0","0","0","0","0","0","0","0"
"L2522","__enter__","block_requests.OpenMonkeyPatch.__enter__~Fn","L2520","L103","/content/text-generation-webui/modules/block_requests.py","25","5","27","33","0","0","0","3","3","1","0","0","0","0","2","1","0","0","3","3","2","0","0","0","0","0","0","0","0","0","0"
"L2526","__exit__","block_requests.OpenMonkeyPatch.__exit__~Fn","L2520","L103","/content/text-generation-webui/modules/block_requests.py","29","5","31","39","0","0","0","3","3","1","0","0","0","0","2","4","0","0","3","3","2","0","0","0","0","0","0","0","0","0","0"
"L2564","__init__","callbacks._StopEverythingStoppingCriteria.__init__~Fn","L2562","L103","/content/text-generation-webui/modules/callbacks.py","18","5","19","52","0","0","0","2","2","1","0","0","0","0","1","1","0","0","2","2","1","0","0","0","0","0","0","0","0","0","0"
"L2568","__call__","callbacks._StopEverythingStoppingCriteria.__call__~Fn","L2562","L103","/content/text-generation-webui/modules/callbacks.py","21","5","22","37","0","0","0","2","2","1","0","0","0","0","1","3","0","0","2","2","1","0","0","0","0","0","0","0","0","0","0"
"L2574","__init__","callbacks.Stream.__init__~Fn","L2572","L103","/content/text-generation-webui/modules/callbacks.py","26","5","27","42","0","0","0","2","2","1","0","0","0","0","1","2","0","0","2","2","1","0","0","0","0","0","0","0","0","0","0"
"L2579","__call__","callbacks.Stream.__call__~Fn","L2572","L103","/content/text-generation-webui/modules/callbacks.py","29","5","33","20","0","0","0","4","5","2","0","0","0","0","3","3","0","0","4","5","3","0","0","0","0","0","0","0","0","0","0"
"L2586","__init__","callbacks.Iteratorize.__init__~Fn","L2583","L103","/content/text-generation-webui/modules/callbacks.py","45","5","74","27","0","0","0","10","13","3","0","0","0","0","9","5","0","0","26","30","21","0","0","0","0","0","0","0","0","0","0"
"L2599","__iter__","callbacks.Iteratorize.__iter__~Fn","L2583","L103","/content/text-generation-webui/modules/callbacks.py","76","5","77","19","0","0","0","2","2","1","0","0","0","0","1","1","0","0","2","2","1","0","0","0","0","0","0","0","0","0","0"
"L2601","__next__","callbacks.Iteratorize.__next__~Fn","L2583","L103","/content/text-generation-webui/modules/callbacks.py","79","5","84","22","0","0","0","6","6","2","0","0","0","0","4","1","0","0","6","6","4","0","0","0","0","0","0","0","0","0","0"
"L2603","__del__","callbacks.Iteratorize.__del__~Fn","L2583","L103","/content/text-generation-webui/modules/callbacks.py","86","5","87","27","0","0","0","2","2","1","0","0","0","1","1","1","0","0","2","2","1","0","0","0","0","0","0","0","0","0","0"
"L2605","__enter__","callbacks.Iteratorize.__enter__~Fn","L2583","L103","/content/text-generation-webui/modules/callbacks.py","89","5","90","19","0","0","0","2","2","1","0","0","0","0","1","1","0","0","2","2","1","0","0","0","0","0","0","0","0","0","0"
"L2607","__exit__","callbacks.Iteratorize.__exit__~Fn","L2583","L103","/content/text-generation-webui/modules/callbacks.py","92","5","94","27","0","0","0","3","3","1","0","0","0","1","2","4","0","0","3","3","2","0","0","0","0","0","0","0","0","0","0"
"L2900","__init__","exllamav2.Exllamav2Model.__init__~Fn","L2898","L103","/content/text-generation-webui/modules/exllamav2.py","28","5","29","12","0","0","0","2","2","1","0","0","0","0","1","1","0","0","2","2","1","0","0","0","0","0","0","0","0","0","0"
"L2904","from_pretrained","exllamav2.Exllamav2Model.from_pretrained~Fn","L2898","L103","/content/text-generation-webui/modules/exllamav2.py","31","5","85","29","0","2","0","42","55","9","0","0","0","0","38","2","0","2","42","55","38","0","0","0","0","0","0","0","0","0","0"
"L2907","encode","exllamav2.Exllamav2Model.encode~Fn","L2898","L103","/content/text-generation-webui/modules/exllamav2.py","87","5","88","86","0","0","0","2","2","1","0","0","0","0","1","3","0","0","2","2","1","0","0","0","0","0","0","0","0","0","0"
"L2911","decode","exllamav2.Exllamav2Model.decode~Fn","L2898","L103","/content/text-generation-webui/modules/exllamav2.py","90","5","96","72","0","0","0","6","7","4","0","0","0","0","5","3","0","0","6","7","5","0","0","0","0","0","0","0","0","0","0"
"L2915","get_logits","exllamav2.Exllamav2Model.get_logits~Fn","L2898","L103","/content/text-generation-webui/modules/exllamav2.py","98","5","103","123","0","0","0","5","6","2","0","0","0","0","4","3","0","0","5","6","4","0","0","0","0","0","0","0","0","0","0"
"L2919","generate_with_streaming","exllamav2.Exllamav2Model.generate_with_streaming~Fn","L2898","L103","/content/text-generation-webui/modules/exllamav2.py","105","5","153","30","0","0","0","37","49","9","0","0","0","0","35","3","0","0","37","49","35","0","0","0","0","0","0","0","0","0","0"
"L2923","generate","exllamav2.Exllamav2Model.generate~Fn","L2898","L103","/content/text-generation-webui/modules/exllamav2.py","155","5","160","21","0","0","0","5","6","2","0","0","0","1","4","3","0","0","5","6","4","0","0","0","0","0","0","0","0","0","0"
"L2933","__init__","exllamav2_hf.Exllamav2HF.__init__~Fn","L2931","L103","/content/text-generation-webui/modules/exllamav2_hf.py","30","5","73","41","0","2","0","34","44","12","0","0","0","0","30","2","0","2","34","44","30","0","0","1","0","0","1","1","0","0","0"
"L2938","_validate_model_class","exllamav2_hf.Exllamav2HF._validate_model_class~Fn","L2931","L103","/content/text-generation-webui/modules/exllamav2_hf.py","75","5","76","12","0","0","0","2","2","1","0","0","0","0","1","1","0","0","2","2","1","0","0","0","0","0","0","0","0","0","0"
"L2940","_validate_model_kwargs","exllamav2_hf.Exllamav2HF._validate_model_kwargs~Fn","L2931","L103","/content/text-generation-webui/modules/exllamav2_hf.py","78","5","79","12","0","0","0","2","2","1","0","0","0","0","1","2","0","0","2","2","1","0","0","0","0","0","0","0","0","0","0"
"L2943","prepare_inputs_for_generation","exllamav2_hf.Exllamav2HF.prepare_inputs_for_generation~Fn","L2931","L103","/content/text-generation-webui/modules/exllamav2_hf.py","81","5","82","49","0","0","0","2","2","1","0","0","0","0","1","3","0","0","2","2","1","0","0","0","0","0","0","0","0","0","0"
"L2947","device","exllamav2_hf.Exllamav2HF.device~Fn","L2931","L103","/content/text-generation-webui/modules/exllamav2_hf.py","84","5","86","30","0","0","0","3","3","1","0","0","0","0","1","1","0","0","3","3","1","0","0","0","0","0","0","0","0","0","0"
"L2949","__call__","exllamav2_hf.Exllamav2HF.__call__~Fn","L2931","L103","/content/text-generation-webui/modules/exllamav2_hf.py","88","5","163","107","0","6","0","59","76","16","0","0","0","0","54","3","0","6","59","76","54","0","0","1","0","0","1","1","0","0","0"
"L2953","from_pretrained","exllamav2_hf.Exllamav2HF.from_pretrained~Fn","L2931","L103","/content/text-generation-webui/modules/exllamav2_hf.py","165","5","185","34","0","0","0","17","21","3","0","0","0","0","15","4","0","0","17","21","15","0","0","0","0","0","0","0","0","0","0"
"L3038","__init__","gradio_hijack.Dependency.__init__~Fn","L3036","L103","/content/text-generation-webui/modules/gradio_hijack.py","57","5","67","24","0","0","0","4","6","1","0","0","0","0","3","3","0","0","8","11","6","0","0","0","0","0","0","0","0","0","0"
"L3065","__init__","grammar_utils.ParseState.__init__~Fn","L3063","L103","/content/text-generation-webui/modules/grammar/grammar_utils.py","37","5","39","34","0","1","0","3","3","1","0","0","0","0","2","1","0","1","3","3","2","0","0","0","0","0","0","0","0","0","0"
"L3129","__init__","grammar_utils.GrammarConstraint.__init__~Fn","L3127","L103","/content/text-generation-webui/modules/grammar/grammar_utils.py","354","5","387","51","0","7","0","21","34","3","0","0","0","1","20","4","0","7","21","34","20","0","0","0","0","0","0","0","0","0","0"
"L3140","init_stacks","grammar_utils.GrammarConstraint.init_stacks~Fn","L3127","L103","/content/text-generation-webui/modules/grammar/grammar_utils.py","389","5","396","47","0","5","0","3","8","1","0","0","0","1","2","1","0","5","3","8","2","0","0","0","0","0","0","0","0","0","0"
"L3142","advance_stack","grammar_utils.GrammarConstraint.advance_stack~Fn","L3127","L103","/content/text-generation-webui/modules/grammar/grammar_utils.py","403","5","447","21","0","24","0","20","45","6","0","0","0","0","18","2","0","24","20","45","18","0","0","0","0","0","0","0","0","0","0"
"L3146","accept_char","grammar_utils.GrammarConstraint.accept_char~Fn","L3127","L103","/content/text-generation-webui/modules/grammar/grammar_utils.py","449","5","451","33","0","1","1","2","3","1","0","0","0","0","1","3","0","1","2","3","1","0","0","0","0","0","0","0","0","0","0"
"L3151","accept_token_id","grammar_utils.GrammarConstraint.accept_token_id~Fn","L3127","L103","/content/text-generation-webui/modules/grammar/grammar_utils.py","453","5","455","33","0","1","1","2","3","1","0","0","0","0","1","3","0","1","2","3","1","0","0","0","0","0","0","0","0","0","0"
"L3156","filter_vocab","grammar_utils.GrammarConstraint.filter_vocab~Fn","L3127","L103","/content/text-generation-webui/modules/grammar/grammar_utils.py","457","5","458","33","0","0","0","2","2","1","0","0","0","0","1","3","0","0","2","2","1","0","0","0","0","0","0","0","0","0","0"
"L3162","__init__","grammar_utils.IncrementalGrammarConstraint.__init__~Fn","L3160","L103","/content/text-generation-webui/modules/grammar/grammar_utils.py","462","5","463","65","0","0","0","2","2","1","0","0","0","0","1","4","0","0","2","2","1","0","0","0","0","0","0","0","0","0","0"
"L3169","accept_char","grammar_utils.IncrementalGrammarConstraint.accept_char~Fn","L3160","L103","/content/text-generation-webui/modules/grammar/grammar_utils.py","465","5","495","25","0","2","0","25","31","10","0","0","0","1","24","3","0","2","25","31","24","0","0","0","0","0","1","0","0","0","0"
"L3173","accept_string","grammar_utils.IncrementalGrammarConstraint.accept_string~Fn","L3160","L103","/content/text-generation-webui/modules/grammar/grammar_utils.py","497","5","500","21","0","0","0","4","4","2","0","0","0","1","3","3","0","0","4","4","3","0","0","0","0","0","0","0","0","0","0"
"L3178","accept_token_id","grammar_utils.IncrementalGrammarConstraint.accept_token_id~Fn","L3160","L103","/content/text-generation-webui/modules/grammar/grammar_utils.py","502","5","518","21","0","4","0","11","17","5","0","0","0","1","7","3","0","4","11","17","7","0","0","0","0","0","0","0","0","0","0"
"L3182","accept_token_ids","grammar_utils.IncrementalGrammarConstraint.accept_token_ids~Fn","L3160","L103","/content/text-generation-webui/modules/grammar/grammar_utils.py","520","5","527","21","0","0","0","8","8","3","0","0","0","2","6","4","0","0","8","8","6","0","0","0","0","0","0","0","0","0","0"
"L3189","batch_filter_vocab","grammar_utils.IncrementalGrammarConstraint.batch_filter_vocab~Fn","L3160","L103","/content/text-generation-webui/modules/grammar/grammar_utils.py","529","5","533","44","0","0","0","5","5","2","0","0","0","1","4","3","0","0","5","5","4","0","0","0","0","0","0","0","0","0","0"
"L3193","filter_vocab","grammar_utils.IncrementalGrammarConstraint.filter_vocab~Fn","L3160","L103","/content/text-generation-webui/modules/grammar/grammar_utils.py","535","5","547","25","0","4","0","9","13","2","0","0","0","1","8","3","0","4","9","13","8","0","0","0","0","0","0","0","0","0","0"
"L3200","pos_char_acceptance","grammar_utils.IncrementalGrammarConstraint.pos_char_acceptance~Fn","L3160","L103","/content/text-generation-webui/modules/grammar/grammar_utils.py","550","5","562","20","0","1","0","13","13","6","0","0","0","0","11","3","0","1","13","13","11","0","0","0","0","0","0","0","0","0","0"
"L3198","token_acceptance_for_stack","grammar_utils.IncrementalGrammarConstraint.token_acceptance_for_stack~Fn","L3160","L103","/content/text-generation-webui/modules/grammar/grammar_utils.py","570","5","614","16","0","7","0","14","18","2","0","0","0","1","12","3","0","7","36","45","33","0","0","0","0","0","0","0","0","0","0"
"L3213","__init__","grammar_utils.StaticGrammarConstraint.__init__~Fn","L3211","L103","/content/text-generation-webui/modules/grammar/grammar_utils.py","618","5","619","65","0","0","0","2","2","1","0","0","0","0","1","4","0","0","2","2","1","0","0","0","0","0","0","0","0","0","0"
"L3220","accept_char","grammar_utils.StaticGrammarConstraint.accept_char~Fn","L3211","L103","/content/text-generation-webui/modules/grammar/grammar_utils.py","621","5","622","33","0","0","0","2","2","1","0","0","0","0","1","1","0","0","2","2","1","0","0","0","0","0","0","0","0","0","0"
"L3224","__init__","grammar_utils.TokenTrie.__init__~Fn","L3130","L103","/content/text-generation-webui/modules/grammar/grammar_utils.py","634","5","638","35","0","0","0","5","5","1","0","0","0","1","4","2","0","0","5","5","4","0","0","0","0","0","0","0","0","0","0"
"L3229","id2str","grammar_utils.TokenTrie.id2str~Fn","L3130","L103","/content/text-generation-webui/modules/grammar/grammar_utils.py","640","5","641","36","0","0","0","2","2","1","0","0","0","0","1","2","0","0","2","2","1","0","0","0","0","0","0","0","0","0","0"
"L3232","__len__","grammar_utils.TokenTrie.__len__~Fn","L3130","L103","/content/text-generation-webui/modules/grammar/grammar_utils.py","643","5","644","31","0","0","0","2","2","1","0","0","0","0","1","1","0","0","2","2","1","0","0","0","0","0","0","0","0","0","0"
"L3227","load_tokens","grammar_utils.TokenTrie.load_tokens~Fn","L3130","L103","/content/text-generation-webui/modules/grammar/grammar_utils.py","646","5","687","71","0","2","0","10","27","5","0","0","0","1","8","2","0","10","25","42","19","0","0","0","0","0","0","0","0","0","0"
"L3244","insert_into_trie","grammar_utils.TokenTrie.insert_into_trie~Fn","L3130","L103","/content/text-generation-webui/modules/grammar/grammar_utils.py","689","5","695","32","0","0","0","7","7","3","0","0","0","0","6","4","0","0","7","7","6","0","0","0","0","0","0","0","0","0","0"
"L3259","__init__","logits_process.GrammarConstrainedLogitsProcessor.__init__~Fn","L3257","L103","/content/text-generation-webui/modules/grammar/logits_process.py","32","5","35","32","0","0","0","4","4","1","0","0","0","0","3","2","0","0","4","4","3","0","0","0","0","0","0","0","0","0","0"
"L3264","filter_logits","logits_process.GrammarConstrainedLogitsProcessor.filter_logits~Fn","L3257","L103","/content/text-generation-webui/modules/grammar/logits_process.py","37","5","44","39","0","5","0","3","8","1","0","0","0","0","2","3","0","5","3","8","2","0","0","0","0","0","0","0","0","0","0"
"L3268","process_logits","logits_process.GrammarConstrainedLogitsProcessor.process_logits~Fn","L3257","L103","/content/text-generation-webui/modules/grammar/logits_process.py","47","5","100","21","0","25","6","27","54","5","0","0","0","1","11","4","0","25","27","54","11","0","0","0","0","0","0","0","0","0","0"
"L3275","__call__","logits_process.GrammarConstrainedLogitsProcessor.__call__~Fn","L3257","L103","/content/text-generation-webui/modules/grammar/logits_process.py","102","5","104","53","0","0","0","3","3","1","0","0","0","1","1","3","0","0","3","3","1","0","0","0","0","0","0","0","0","0","0"
"L3359","__init__","llamacpp_hf.LlamacppHF.__init__~Fn","L3357","L103","/content/text-generation-webui/modules/llamacpp_hf.py","16","5","36","13","0","0","0","19","21","2","0","0","0","0","8","3","0","0","19","21","8","0","0","0","0","0","0","0","0","0","0"
"L3365","_validate_model_class","llamacpp_hf.LlamacppHF._validate_model_class~Fn","L3357","L103","/content/text-generation-webui/modules/llamacpp_hf.py","38","5","39","12","0","0","0","2","2","1","0","0","0","0","1","1","0","0","2","2","1","0","0","0","0","0","0","0","0","0","0"
"L3367","_validate_model_kwargs","llamacpp_hf.LlamacppHF._validate_model_kwargs~Fn","L3357","L103","/content/text-generation-webui/modules/llamacpp_hf.py","41","5","42","12","0","0","0","2","2","1","0","0","0","0","1","2","0","0","2","2","1","0","0","0","0","0","0","0","0","0","0"
"L3370","prepare_inputs_for_generation","llamacpp_hf.LlamacppHF.prepare_inputs_for_generation~Fn","L3357","L103","/content/text-generation-webui/modules/llamacpp_hf.py","44","5","45","49","0","0","0","2","2","1","0","0","0","0","1","3","0","0","2","2","1","0","0","0","0","0","0","0","0","0","0"
"L3374","save_cache","llamacpp_hf.LlamacppHF.save_cache~Fn","L3357","L103","/content/text-generation-webui/modules/llamacpp_hf.py","47","5","53","10","0","0","0","7","7","1","0","0","0","0","1","1","0","0","7","7","1","0","0","0","0","0","0","0","0","0","0"
"L3376","save_negative_cache","llamacpp_hf.LlamacppHF.save_negative_cache~Fn","L3357","L103","/content/text-generation-webui/modules/llamacpp_hf.py","55","5","61","10","0","0","0","7","7","1","0","0","0","0","1","1","0","0","7","7","1","0","0","0","0","0","0","0","0","0","0"
"L3378","load_cache","llamacpp_hf.LlamacppHF.load_cache~Fn","L3357","L103","/content/text-generation-webui/modules/llamacpp_hf.py","63","5","67","56","0","0","0","5","5","1","0","0","0","0","4","1","0","0","5","5","4","0","0","0","0","0","0","0","0","0","0"
"L3380","load_negative_cache","llamacpp_hf.LlamacppHF.load_negative_cache~Fn","L3357","L103","/content/text-generation-webui/modules/llamacpp_hf.py","69","5","73","65","0","0","0","5","5","1","0","0","0","0","4","1","0","0","5","5","4","0","0","0","0","0","0","0","0","0","0"
"L3382","device","llamacpp_hf.LlamacppHF.device~Fn","L3357","L103","/content/text-generation-webui/modules/llamacpp_hf.py","75","5","77","30","0","0","0","3","3","1","0","0","0","0","1","1","0","0","3","3","1","0","0","0","0","0","0","0","0","0","0"
"L3384","__call__","llamacpp_hf.LlamacppHF.__call__~Fn","L3357","L103","/content/text-generation-webui/modules/llamacpp_hf.py","79","5","157","107","0","5","0","63","79","14","0","0","0","4","57","3","0","5","63","79","57","0","0","1","0","0","1","1","0","0","0"
"L3392","from_pretrained","llamacpp_hf.LlamacppHF.from_pretrained~Fn","L3357","L103","/content/text-generation-webui/modules/llamacpp_hf.py","159","5","210","44","0","0","0","44","52","11","0","0","0","0","22","4","0","0","44","52","22","0","0","1","0","0","1","1","0","0","0"
"L3410","__init__","llamacpp_model.LlamaCppModel.__init__~Fn","L3408","L103","/content/text-generation-webui/modules/llamacpp_model.py","27","5","30","27","0","0","0","4","4","1","0","0","0","0","3","1","0","0","4","4","3","0","0","0","0","0","0","0","0","0","0"
"L3414","__del__","llamacpp_model.LlamaCppModel.__del__~Fn","L3408","L103","/content/text-generation-webui/modules/llamacpp_model.py","32","5","33","22","0","0","0","2","2","1","0","0","0","0","1","1","0","0","2","2","1","0","0","0","0","0","0","0","0","0","0"
"L3416","from_pretrained","llamacpp_model.LlamaCppModel.from_pretrained~Fn","L3408","L103","/content/text-generation-webui/modules/llamacpp_model.py","35","5","90","29","0","1","0","47","56","13","0","0","0","0","26","2","0","1","47","56","26","0","0","1","0","0","1","1","0","0","0"
"L3419","encode","llamacpp_model.LlamaCppModel.encode~Fn","L3408","L103","/content/text-generation-webui/modules/llamacpp_model.py","92","5","96","42","0","0","0","4","5","2","0","0","0","0","3","2","0","0","4","5","3","0","0","0","0","0","0","0","0","0","0"
"L3422","decode","llamacpp_model.LlamaCppModel.decode~Fn","L3408","L103","/content/text-generation-webui/modules/llamacpp_model.py","98","5","99","57","0","0","0","2","2","1","0","0","0","0","1","3","0","0","2","2","1","0","0","0","0","0","0","0","0","0","0"
"L3426","get_logits","llamacpp_model.LlamaCppModel.get_logits~Fn","L3408","L103","/content/text-generation-webui/modules/llamacpp_model.py","101","5","106","56","0","1","0","6","6","1","0","0","0","0","5","2","0","1","6","6","5","0","0","0","0","0","0","0","0","0","0"
"L3429","load_grammar","llamacpp_model.LlamaCppModel.load_grammar~Fn","L3408","L103","/content/text-generation-webui/modules/llamacpp_model.py","108","5","114","35","0","0","0","7","7","3","0","0","0","0","5","2","0","0","7","7","5","0","0","0","0","0","0","0","0","0","0"
"L3432","generate","llamacpp_model.LlamaCppModel.generate~Fn","L3408","L103","/content/text-generation-webui/modules/llamacpp_model.py","116","5","166","21","0","1","0","43","51","9","0","0","0","3","23","4","0","1","43","51","23","0","0","0","0","0","0","0","0","0","0"
"L3440","generate_with_streaming","llamacpp_model.LlamaCppModel.generate_with_streaming~Fn","L3408","L103","/content/text-generation-webui/modules/llamacpp_model.py","168","5","173","27","0","0","0","6","6","2","0","0","0","0","5","3","0","0","6","6","5","0","0","0","0","0","0","0","0","0","0"
"L3644","__init__","relative_imports.RelativeImport.__init__~Fn","L3642","L103","/content/text-generation-webui/modules/relative_imports.py","6","5","7","37","0","0","0","2","2","1","0","0","0","0","1","2","0","0","2","2","1","0","0","0","0","0","0","0","0","0","0"
"L3649","__enter__","relative_imports.RelativeImport.__enter__~Fn","L3642","L103","/content/text-generation-webui/modules/relative_imports.py","9","5","10","49","0","0","0","2","2","1","0","0","0","0","1","1","0","0","2","2","1","0","0","0","0","0","0","0","0","0","0"
"L3651","__exit__","relative_imports.RelativeImport.__exit__~Fn","L3642","L103","/content/text-generation-webui/modules/relative_imports.py","12","5","13","46","0","0","0","2","2","1","0","0","0","0","1","4","0","0","2","2","1","0","0","0","0","0","0","0","0","0","0"
"L3663","__init__","sampler_hijack.TemperatureLogitsWarperCustom.__init__~Fn","L3660","L103","/content/text-generation-webui/modules/sampler_hijack.py","26","5","37","38","0","0","0","10","12","5","0","0","0","0","6","2","0","0","10","12","6","0","0","0","0","0","0","0","0","0","0"
"L3668","__call__","sampler_hijack.TemperatureLogitsWarperCustom.__call__~Fn","L3660","L103","/content/text-generation-webui/modules/sampler_hijack.py","39","5","41","21","0","0","0","3","3","1","0","0","0","0","2","3","0","0","3","3","2","0","0","0","0","0","0","0","0","0","0"
"L3675","__init__","sampler_hijack.DynamicTemperatureLogitsWarper.__init__~Fn","L3672","L103","/content/text-generation-webui/modules/sampler_hijack.py","49","5","52","50","0","0","0","4","4","1","0","0","0","0","3","4","0","0","4","4","3","0","0","0","0","0","0","0","0","0","0"
"L3682","__call__","sampler_hijack.DynamicTemperatureLogitsWarper.__call__~Fn","L3672","L103","/content/text-generation-webui/modules/sampler_hijack.py","54","5","99","21","0","21","0","14","46","2","0","0","0","0","13","3","0","21","14","46","13","0","0","0","0","0","0","0","0","0","0"
"L3689","__init__","sampler_hijack.QuadraticSamplingLogitsWarper.__init__~Fn","L3686","L103","/content/text-generation-webui/modules/sampler_hijack.py","107","5","109","46","0","0","0","3","3","1","0","0","0","0","2","3","0","0","3","3","2","0","0","0","0","0","0","0","0","0","0"
"L3695","__call__","sampler_hijack.QuadraticSamplingLogitsWarper.__call__~Fn","L3686","L103","/content/text-generation-webui/modules/sampler_hijack.py","111","5","126","33","0","2","0","11","16","1","0","0","0","0","6","3","0","2","11","16","6","0","0","0","0","0","0","0","0","0","0"
"L3701","__init__","sampler_hijack.TailFreeLogitsWarper.__init__~Fn","L3699","L103","/content/text-generation-webui/modules/sampler_hijack.py","130","5","136","52","0","0","0","7","7","3","0","0","0","0","6","4","0","0","7","7","6","0","0","0","0","0","0","0","0","0","0"
"L3708","__call__","sampler_hijack.TailFreeLogitsWarper.__call__~Fn","L3699","L103","/content/text-generation-webui/modules/sampler_hijack.py","138","5","166","21","0","4","0","20","29","2","0","0","0","0","12","3","0","4","20","29","12","0","0","0","0","0","0","0","0","0","0"
"L3714","__init__","sampler_hijack.TopALogitsWarper.__init__~Fn","L3712","L103","/content/text-generation-webui/modules/sampler_hijack.py","170","5","176","52","0","0","0","7","7","3","0","0","0","0","6","4","0","0","7","7","6","0","0","0","0","0","0","0","0","0","0"
"L3721","__call__","sampler_hijack.TopALogitsWarper.__call__~Fn","L3712","L103","/content/text-generation-webui/modules/sampler_hijack.py","178","5","192","21","0","2","0","10","15","2","0","0","0","0","9","3","0","2","10","15","9","0","0","0","0","0","0","0","0","0","0"
"L3727","__init__","sampler_hijack.XTCLogitsWarper.__init__~Fn","L3725","L103","/content/text-generation-webui/modules/sampler_hijack.py","197","5","206","72","0","0","0","9","10","2","0","0","0","0","6","4","0","0","9","10","6","0","0","0","0","0","0","0","0","0","0"
"L3734","__call__","sampler_hijack.XTCLogitsWarper.__call__~Fn","L3725","L103","/content/text-generation-webui/modules/sampler_hijack.py","208","5","239","21","0","14","0","12","32","3","0","0","0","0","11","3","0","14","12","32","11","0","0","0","0","0","0","0","0","0","0"
"L3740","__init__","sampler_hijack.DRYLogitsProcessor.__init__~Fn","L3738","L103","/content/text-generation-webui/modules/sampler_hijack.py","243","5","248","28","0","0","0","6","6","1","0","0","0","0","5","6","0","0","6","6","5","0","0","1","0","0","0","0","0","0","1"
"L3749","__call__","sampler_hijack.DRYLogitsProcessor.__call__~Fn","L3738","L103","/content/text-generation-webui/modules/sampler_hijack.py","250","5","311","21","0","11","0","37","62","15","0","0","0","0","35","3","0","11","37","62","35","0","0","1","0","0","1","1","0","0","0"
"L3755","__init__","sampler_hijack.MirostatLogitsWarper.__init__~Fn","L3753","L103","/content/text-generation-webui/modules/sampler_hijack.py","315","5","325","18","0","0","0","10","11","2","0","0","0","0","9","6","0","0","10","11","9","0","0","1","0","0","0","0","0","0","1"
"L3764","__call__","sampler_hijack.MirostatLogitsWarper.__call__~Fn","L3753","L103","/content/text-generation-webui/modules/sampler_hijack.py","327","5","360","21","0","4","0","25","34","6","0","0","0","0","22","3","0","4","25","34","22","0","0","0","0","0","0","0","0","0","0"
"L3770","__init__","sampler_hijack.SpyLogitsWarper.__init__~Fn","L3768","L103","/content/text-generation-webui/modules/sampler_hijack.py","364","5","365","12","0","0","0","2","2","1","0","0","0","0","1","1","0","0","2","2","1","0","0","0","0","0","0","0","0","0","0"
"L3774","__call__","sampler_hijack.SpyLogitsWarper.__call__~Fn","L3768","L103","/content/text-generation-webui/modules/sampler_hijack.py","367","5","370","21","0","0","0","4","4","1","0","0","0","0","3","3","0","0","4","4","3","0","0","0","0","0","0","0","0","0","0"
"L3780","__init__","sampler_hijack.RepetitionPenaltyLogitsProcessorWithRange.__init__~Fn","L3778","L103","/content/text-generation-webui/modules/sampler_hijack.py","374","5","378","28","0","0","0","5","5","2","0","0","0","0","4","3","0","0","5","5","4","0","0","0","0","0","0","0","0","0","0"
"L3786","apply_repetition_penalty","sampler_hijack.RepetitionPenaltyLogitsProcessorWithRange.apply_repetition_penalty~Fn","L3778","L103","/content/text-generation-webui/modules/sampler_hijack.py","380","5","387","25","0","1","0","6","8","1","0","0","0","0","5","3","0","1","6","8","5","0","0","0","0","0","0","0","0","0","0"
"L3790","__call__","sampler_hijack.RepetitionPenaltyLogitsProcessorWithRange.__call__~Fn","L3778","L103","/content/text-generation-webui/modules/sampler_hijack.py","389","5","394","21","0","0","0","5","6","2","0","0","0","1","4","3","0","0","5","6","4","0","0","0","0","0","0","0","0","0","0"
"L3797","__init__","sampler_hijack.PresencePenaltyLogitsProcessor.__init__~Fn","L3795","L103","/content/text-generation-webui/modules/sampler_hijack.py","398","5","400","28","0","0","0","3","3","1","0","0","0","0","2","3","0","0","3","3","2","0","0","0","0","0","0","0","0","0","0"
"L3803","apply_presence_penalty","sampler_hijack.PresencePenaltyLogitsProcessor.apply_presence_penalty~Fn","L3795","L103","/content/text-generation-webui/modules/sampler_hijack.py","402","5","409","25","0","1","0","6","8","1","0","0","0","0","5","3","0","1","6","8","5","0","0","0","0","0","0","0","0","0","0"
"L3807","__call__","sampler_hijack.PresencePenaltyLogitsProcessor.__call__~Fn","L3795","L103","/content/text-generation-webui/modules/sampler_hijack.py","411","5","415","21","0","0","0","5","5","2","0","0","0","1","4","3","0","0","5","5","4","0","0","0","0","0","0","0","0","0","0"
"L3814","__init__","sampler_hijack.FrequencyPenaltyLogitsProcessor.__init__~Fn","L3812","L103","/content/text-generation-webui/modules/sampler_hijack.py","419","5","421","28","0","0","0","3","3","1","0","0","0","0","2","3","0","0","3","3","2","0","0","0","0","0","0","0","0","0","0"
"L3820","apply_frequency_penalty","sampler_hijack.FrequencyPenaltyLogitsProcessor.apply_frequency_penalty~Fn","L3812","L103","/content/text-generation-webui/modules/sampler_hijack.py","423","5","430","25","0","1","0","6","8","1","0","0","0","0","5","3","0","1","6","8","5","0","0","0","0","0","0","0","0","0","0"
"L3824","__call__","sampler_hijack.FrequencyPenaltyLogitsProcessor.__call__~Fn","L3812","L103","/content/text-generation-webui/modules/sampler_hijack.py","432","5","436","21","0","0","0","5","5","2","0","0","0","1","4","3","0","0","5","5","4","0","0","0","0","0","0","0","0","0","0"
"L3881","__init__","tensorrt_llm.TensorRTLLMModel.__init__~Fn","L3879","L103","/content/text-generation-webui/modules/tensorrt_llm.py","16","5","17","12","0","0","0","2","2","1","0","0","0","0","1","1","0","0","2","2","1","0","0","0","0","0","0","0","0","0","0"
"L3885","from_pretrained","tensorrt_llm.TensorRTLLMModel.from_pretrained~Fn","L3879","L103","/content/text-generation-webui/modules/tensorrt_llm.py","19","5","55","21","0","2","0","29","37","3","0","0","0","0","13","2","0","2","29","37","13","0","0","0","0","0","0","0","0","0","0"
"L3888","generate_with_streaming","tensorrt_llm.TensorRTLLMModel.generate_with_streaming~Fn","L3879","L103","/content/text-generation-webui/modules/tensorrt_llm.py","57","5","124","38","0","1","0","60","68","8","0","0","0","0","29","3","0","1","60","68","29","0","0","0","0","0","0","0","0","0","0"
"L3892","generate","tensorrt_llm.TensorRTLLMModel.generate~Fn","L3879","L103","/content/text-generation-webui/modules/tensorrt_llm.py","126","5","131","21","0","0","0","5","6","2","0","0","0","1","4","3","0","0","5","6","4","0","0","0","0","0","0","0","0","0","0"
"L454","__init__","script.do_train.Tracked.__init__~Fn","L452","L103","/content/text-generation-webui/extensions/Training_PRO/script.py","874","9","877","33","0","0","0","4","4","1","0","0","0","0","3","1","0","0","4","4","3","0","0","0","0","0","0","0","0","0","0"
"L460","on_step_begin","script.do_train.Callbacks.on_step_begin~Fn","L458","L103","/content/text-generation-webui/extensions/Training_PRO/script.py","883","9","967","65","0","8","0","57","85","16","0","0","0","0","54","5","0","8","57","85","54","0","0","1","0","0","1","1","0","0","0"
"L468","on_substep_end","script.do_train.Callbacks.on_substep_end~Fn","L458","L103","/content/text-generation-webui/extensions/Training_PRO/script.py","970","9","974","51","0","0","0","5","5","2","0","0","0","0","4","5","0","0","5","5","4","0","0","0","0","0","0","0","0","0","0"
"L474","on_log","script.do_train.Callbacks.on_log~Fn","L458","L103","/content/text-generation-webui/extensions/Training_PRO/script.py","976","9","1027","75","0","2","0","38","52","7","0","0","0","0","31","6","0","2","38","52","31","0","0","1","0","0","0","0","0","0","1"
"L3470","__init__","logging_colors.setup_logging.RingBuffer.__init__~Fn","L3468","L103","/content/text-generation-webui/modules/logging_colors.py","14","9","18","252","0","0","0","5","5","1","0","0","0","0","4","2","0","0","5","5","4","0","0","0","0","0","0","0","0","0","0"
"L3475","emit","logging_colors.setup_logging.RingBuffer.emit~Fn","L3468","L103","/content/text-generation-webui/modules/logging_colors.py","20","9","25","34","0","1","0","5","6","2","0","0","0","0","4","2","0","1","5","6","4","0","0","0","0","0","0","0","0","0","0"
"L3478","get","logging_colors.setup_logging.RingBuffer.get~Fn","L3468","L103","/content/text-generation-webui/modules/logging_colors.py","27","9","28","30","0","0","0","2","2","1","0","0","0","0","1","1","0","0","2","2","1","0","0","0","0","0","0","0","0","0","0"
"L4020","__init__","training.do_train.Tracked.__init__~Fn","L4018","L103","/content/text-generation-webui/modules/training.py","549","9","552","33","0","0","0","4","4","1","0","0","0","0","3","1","0","0","4","4","3","0","0","0","0","0","0","0","0","0","0"
"L4026","on_step_begin","training.do_train.Callbacks.on_step_begin~Fn","L4024","L103","/content/text-generation-webui/modules/training.py","558","9","571","61","0","2","0","12","14","5","0","0","0","0","11","5","0","2","12","14","11","0","0","0","0","0","0","0","0","0","0"
"L4034","on_substep_end","training.do_train.Callbacks.on_substep_end~Fn","L4024","L103","/content/text-generation-webui/modules/training.py","573","9","577","51","0","0","0","5","5","2","0","0","0","0","4","5","0","0","5","5","4","0","0","0","0","0","0","0","0","0","0"
"L4040","on_log","training.do_train.Callbacks.on_log~Fn","L4024","L103","/content/text-generation-webui/modules/training.py","579","9","591","87","0","0","0","12","13","4","0","0","0","0","11","6","0","0","12","13","11","0","0","1","0","0","0","0","0","0","1"
